C.P._2814_2018.pdf,0.00461
JR_Appointment_of_Supreme_Court_Judges_Case.pdf,0.0042
C.P._2790_2018.pdf,0.00419
C.P._2853_2018.pdf,0.00407
Crl.O.P_36_2017.pdf,0.00366
C.M.A.6309_2018_14072018.pdf,0.00357
C.A._1203_2014.pdf,0.00338
JR_Constitution_Petition_No_38_of_2002_and_more_of_2003.pdf,0.00335
S.M.C._12_2015.pdf,0.00326
C.A._1338_2007.pdf,0.00316
Crl.A._429_2017.pdf,0.00315
C.A._25_K_2018.pdf,0.00311
C.P._3728_2017.pdf,0.00308
J.P._298_2018.pdf,0.00304
C.P._733_2018.pdf,0.00303
C.A._1459_2018.pdf,0.00302
Crl.A._155_2018.pdf,0.00302
C.P._3752_2018.pdf,0.00293
C.A._1189_2017.pdf,0.00292
H.R.C._20171_B_2018.pdf,0.00291
C.P._264_2017.pdf,0.00288
C.A._1178_2008.pdf,0.00287
C.P._2327_2016.pdf,0.00287
C.P._2297_2018.pdf,0.00286
Crl.A._430_2017.pdf,0.00279
C.A._585_2018.pdf,0.00276
C.A._1340_2018.pdf,0.00275
C.P._3095_2017.pdf,0.0027
JR_Civil_Review_Petition_No_103_of_2002.pdf,0.0027
C.P._809_P_2018.pdf,0.00269
Crl.A._141_2016.pdf,0.00265
C.P._1191_2017.pdf,0.00264
C.P._945_2018.pdf,0.00264
C.P._731_K_2018.pdf,0.00258
C.P._606_2018.pdf,0.00256
Crl.A._436_2017.pdf,0.00256
C.A._42_K_2016.pdf,0.00255
Crl.A._206_2016.pdf,0.00253
Const.P.57 _2016.pdf,0.00251
C.A._723_2013.pdf,0.0025
C.P._1812_L_2017.pdf,0.00248
C.P._4682_2017.pdf,0.00244
C.M.A._6155_2018.pdf,0.00242
C.A._116_K_2016.pdf,0.00241
C.A._2755_2006.pdf,0.00241
C.A._1950_2007.pdf,0.00238
Crl.A._201_2018.pdf,0.00238
C.P._371_P_2016.pdf,0.00235
C.A._457_2010.pdf,0.00232
C.A.401_2011.pdf,0.00231
S.M.C._26_2007_04072018.pdf,0.00229
C.A._14_L_2013.pdf,0.00227
C.A._1628_2017.pdf,0.00225
H.R.C._14959_K_2018.pdf,0.00224
C.A._1042_2018.pdf,0.00223
Crl.A._90_L_2017.pdf,0.00223
Crl.P._751_2017.pdf,0.00222
Crl.A._35_K_2016.pdf,0.0022
C.A._545_K_2010.pdf,0.00216
C.P._80_2018.pdf,0.00215
C.A._288_2013.pdf,0.00211
C.P._1598_2016.pdf,0.00211
S.M.C._2_2018.pdf,0.0021
J.P._191_2018.pdf,0.00209
S.M.C._26_2007_02082018.pdf,0.00207
Crl.P._169_2007.pdf,0.00206
C.A._79_P_2013.pdf,0.00205
C.A._56_L_2018.pdf,0.00204
C.A._125_K_2016.pdf,0.00197
C.A._145_2010.pdf,0.00196
C.A._85_K_2015.pdf,0.00196
C.P._60_K_2018.pdf,0.00195
C.M.A._8758_2018.pdf,0.00192
C.P._423_K_2015.pdf,0.0019
H.R.C.39216_G_2018.pdf,0.0019
Const.P._74_2015.pdf,0.00189
C.P._2812_2017.pdf,0.00186
C.P._3186_2017.pdf,0.00185
JR_Suo_Motu_Case_No_1_of_2004.pdf,0.00185
C.A._308_2008.pdf,0.00184
C.P._2743_2017.pdf,0.00182
H.R.C._32642_2018.pdf,0.00178
C.P._3078_2016_D.pdf,0.00177
C.A._694_2008.pdf,0.00176
Crl.O.P._09_2018.pdf,0.00176
C.P._3122_2017.pdf,0.00175
Crl.A._34_L_2018.pdf,0.00175
S.M.C._ 26_2007_30062018.pdf,0.00174
C.P._4876_2018.pdf,0.00171
Crl.A._523_2017.pdf,0.00171
JR_Constitution_Petition_No._15_17-24_and_512_of_2002.pdf,0.0017
JR_Constitution_Petition_No_55_of_2003.pdf,0.0017
C.A._1563_2014.pdf,0.00167
C.A._634_L_2012.pdf,0.00165
C.A._1509_2016.pdf,0.00164
C.P._1616_2018.pdf,0.00163
Const.P._39_2016.pdf,0.00163
C.P._78_K_2015.pdf,0.00162
JR_The_State_through_NAB_VS_Haji_Nasim-ur-Rehman.pdf,0.00162
I.C.A._7_2018.pdf,0.00161
C.A._700_2017.pdf,0.00159
JR_Civil_Petitions_for_Leave_to_Appeal_No_1569-L_1579-L_1597-L_1600-L_1622-L_1624-L_of_2005.pdf,0.00157
S.M.C._8_2018.pdf,0.00157
C.A._552_2015.pdf,0.00156
C.P._1707_2018.pdf,0.00155
C.A._1083_2017.pdf,0.00154
C.P._632_2018.pdf,0.00154
Const.P._134_2012.pdf,0.00154
H.R.C._39216_G_2018.pdf,0.00153
JR_Constitution_Petitions_No_23_of_1999_and_21_of_2004.pdf,0.00153
H.R.C._69229_P_2018.pdf,0.00152
Crl.M.A_183_2019.pdf,0.00151
C.P._661_K_2015.pdf,0.0015
Crl.A._137_L_2010.pdf,0.00148
C.P._3131_2017.pdf,0.00145
S.M.C._03_2017.pdf,0.00134
Crl.M.A_693_2018.pdf,0.00133
Const.P._134_2012_21012019.pdf,0.00131
C.A._1631_2017.pdf,0.0013
C.A._3_2018.pdf,0.0013
C.A._3_2018_dt-14-9-2018.pdf,0.0013
S.M.C._28_2018.pdf,0.00129
Crl.O.P._57_2015_DN.pdf,0.00128
C.A._1171_2017.pdf,0.00127
Const.P._24_2012.pdf,0.00127
S.M.C._3_2018.pdf,0.00124
C.A._467_2015.pdf,0.00122
Const.P._57_2016.pdf,0.00122
H.R.C._17599_2018.pdf,0.0012
JR_Varan_Case.pdf,0.00118
I.C.A._4_2017.pdf,0.00117
Crl.M.A._200_2019.pdf,0.00117
H.R.C._10842_P_2018.pdf,0.00117
Const.P._29_2017.pdf,0.00114
H.R.C._3654_2018.pdf,0.00113
JR_Judgment_on_17th_Amendmend_and_Presidents_Uniform_Case.pdf,0.00113
JR_Detailed_Judgment_in_Appointment_of_Supreme_Court_Judges_Case.pdf,0.00112
JR_Fecto_Belarus_Tractor_Limited_Case.pdf,0.00112
JR_Detailed_Judgment_in_Graduation_Qualification_Case.pdf,0.00111
Crl.A._39_L_2015.pdf,0.00109
JR_Validity_of_NAB_Ordinance_Press_Release.pdf,0.00109
S.M.C._7_2017_06022019.pdf,0.00106
C.A._815_2016.pdf,0.00104
Const.P._50_2018.pdf,0.00097
JR_Detailed_Judgment_in_Referendum_Case.pdf,0.00097
C.M.A._376-K_2014.pdf,0.00096
